date,log_price,sales_latent,sales
2021-06-01,2.995732273553991,12.543189233547722,8
2021-06-02,2.995732273553991,13.758530962247375,9
2021-06-03,2.995732273553991,14.389557449586972,9
2021-06-04,2.995732273553991,14.029079924119237,15
2021-06-05,2.995732273553991,12.751685651360214,11
2021-06-06,2.995732273553991,11.784158955843315,11
2021-06-07,2.995732273553991,11.792964659699216,11
2021-06-08,2.995732273553991,12.55835471483528,13
2021-06-09,2.995732273553991,13.614927965483155,16
2021-06-10,2.995732273553991,14.487887556645688,11
2021-06-11,2.995732273553991,14.279478247741643,13
2021-06-12,2.995732273553991,13.18680587154682,14
2021-06-13,2.995732273553991,12.478627664491977,8
2021-06-14,2.995732273553991,12.648042043685228,9
2021-06-15,2.995732273553991,13.674871527306196,10
2021-06-16,2.995732273553991,14.706428694350594,9
2021-06-17,2.995732273553991,15.100494942520703,16
2021-06-18,2.995732273553991,14.676648933000655,16
2021-06-19,2.995732273553991,13.930404948442405,18
2021-06-20,2.995732273553991,12.773829405230591,11
2021-06-21,2.995732273553991,12.97868997369792,15
2021-06-22,2.995732273553991,14.196931748782557,12
2021-06-23,2.995732273553991,15.601180230836926,12
2021-06-24,2.995732273553991,15.836332021675624,12
2021-06-25,2.995732273553991,15.53301253693851,15
2021-06-26,2.995732273553991,14.296180377019411,17
2021-06-27,2.995732273553991,13.223766937551746,21
2021-06-28,2.995732273553991,12.961704498164279,11
2021-06-29,2.995732273553991,14.0150695999335,15
2021-06-30,2.995732273553991,15.479295101978344,14
2021-07-01,2.995732273553991,16.045414255665026,16
2021-07-02,2.995732273553991,15.356571876436675,7
2021-07-03,2.995732273553991,14.081974939384448,15
2021-07-04,2.995732273553991,13.311154569696706,13
2021-07-05,2.995732273553991,13.407030848269521,12
2021-07-06,2.995732273553991,14.26945036776366,10
2021-07-07,2.995732273553991,15.298679047976313,5
2021-07-08,2.995732273553991,15.595091938512907,10
2021-07-09,2.995732273553991,15.306452104609646,15
2021-07-10,2.995732273553991,14.232338268172137,9
2021-07-11,2.995732273553991,13.375251084092378,14
2021-07-12,2.995732273553991,13.74646005475071,17
2021-07-13,2.995732273553991,14.901700865095712,11
2021-07-14,2.995732273553991,15.766048673280523,15
2021-07-15,2.995732273553991,16.43418202758609,11
2021-07-16,2.995732273553991,16.163935063273357,14
2021-07-17,2.995732273553991,15.181518774042237,12
2021-07-18,2.995732273553991,14.194034238798016,8
2021-07-19,2.995732273553991,14.608604215445967,13
2021-07-20,2.995732273553991,15.517201937986616,14
2021-07-21,2.995732273553991,16.932174695588692,17
2021-07-22,2.995732273553991,17.392920686679307,21
2021-07-23,2.995732273553991,16.9494359396875,12
2021-07-24,2.995732273553991,15.837290630711728,18
2021-07-25,2.995732273553991,14.87991436797994,13
2021-07-26,2.995732273553991,14.822318576533982,10
2021-07-27,2.995732273553991,15.701448150872116,14
2021-07-28,2.995732273553991,17.107951713468243,20
2021-07-29,2.995732273553991,17.496982340272577,18
2021-07-30,2.995732273553991,17.223693855086097,17
2021-07-31,2.995732273553991,15.440492816445396,21
2021-08-01,2.995732273553991,14.283389014037107,11
2021-08-02,2.995732273553991,14.017463429865238,17
2021-08-03,2.995732273553991,15.24997110100875,14
2021-08-04,2.995732273553991,15.870602981477724,15
2021-08-05,2.995732273553991,15.90753675378604,23
2021-08-06,2.995732273553991,15.539056872755305,14
2021-08-07,2.995732273553991,13.976844838180392,17
2021-08-08,2.995732273553991,12.893416089697496,13
2021-08-09,2.995732273553991,12.852217047098994,12
2021-08-10,2.995732273553991,13.788918618660215,7
2021-08-11,2.995732273553991,14.913809342438745,15
2021-08-12,2.995732273553991,15.44439724804465,14
2021-08-13,2.995732273553991,14.802549091421572,14
2021-08-14,2.995732273553991,13.442588157353027,14
2021-08-15,2.995732273553991,12.4560432388609,17
2021-08-16,2.995732273553991,12.169756524347605,16
2021-08-17,2.995732273553991,13.033860458740506,11
2021-08-18,2.995732273553991,14.374472402626495,9
2021-08-19,2.995732273553991,14.66306238500343,10
2021-08-20,2.995732273553991,14.242758189626443,13
2021-08-21,2.995732273553991,13.131837033623663,11
2021-08-22,2.995732273553991,12.281991628052033,7
2021-08-23,2.995732273553991,12.475422552287908,14
2021-08-24,2.995732273553991,13.378840271560094,13
2021-08-25,2.995732273553991,14.354458824644315,9
2021-08-26,2.995732273553991,14.40590143671463,22
2021-08-27,2.995732273553991,13.778872331810357,16
2021-08-28,2.995732273553991,12.802140873044387,14
2021-08-29,2.995732273553991,11.927340386763598,9
2021-08-30,2.995732273553991,11.741049222368387,13
2021-08-31,2.995732273553991,12.799599707696798,13
2021-09-01,2.995732273553991,13.824507081577469,14
2021-09-02,2.995732273553991,14.344135285430973,13
2021-09-03,2.995732273553991,13.519582142387705,20
2021-09-04,2.995732273553991,12.280162180122874,12
2021-09-05,2.995732273553991,11.47155794533793,10
2021-09-06,2.995732273553991,11.48688930755848,11
2021-09-07,2.995732273553991,12.163925039356034,14
2021-09-08,2.995732273553991,13.15822516639194,14
2021-09-09,2.995732273553991,13.913487661846926,17
2021-09-10,2.995732273553991,13.307866041028623,14
2021-09-11,2.995732273553991,12.163093091211008,15
2021-09-12,2.995732273553991,11.477981261544608,7
2021-09-13,2.995732273553991,11.572804682184401,13
2021-09-14,2.995732273553991,12.35112390406559,10
2021-09-15,2.995732273553991,13.409672636070551,22
2021-09-16,2.995732273553991,13.97154959505791,25
2021-09-17,2.995732273553991,13.284474484722676,19
2021-09-18,2.995732273553991,12.247049921803592,12
2021-09-19,2.995732273553991,11.635736710385816,7
2021-09-20,2.995732273553991,11.604784700617026,8
2021-09-21,2.995732273553991,12.198343059542728,14
2021-09-22,2.995732273553991,13.500831953938583,11
2021-09-23,2.995732273553991,13.988318395702517,19
2021-09-24,2.995732273553991,13.578770562820322,12
2021-09-25,2.995732273553991,12.487308390071208,11
2021-09-26,2.995732273553991,11.64691871944452,12
2021-09-27,2.995732273553991,11.669736853636705,10
2021-09-28,2.995732273553991,12.658602127364658,15
2021-09-29,2.995732273553991,14.084574352741011,12
2021-09-30,2.995732273553991,14.659642257246887,7
2021-10-01,2.995732273553991,14.254425924650656,24
2021-10-02,2.995732273553991,13.285324319902655,9
2021-10-03,2.995732273553991,12.076779519233908,14
2021-10-04,2.995732273553991,12.107294504776045,10
2021-10-05,2.995732273553991,12.853649317609875,9
2021-10-06,2.995732273553991,13.517651591353038,11
2021-10-07,2.995732273553991,14.026464189545463,13
2021-10-08,2.995732273553991,13.619879016764894,11
2021-10-09,2.995732273553991,12.560338481392067,21
2021-10-10,2.995732273553991,11.457553835894743,6
2021-10-11,2.995732273553991,11.500483620951815,9
2021-10-12,2.995732273553991,12.276773286527447,8
2021-10-13,2.995732273553991,13.190641564141837,8
2021-10-14,2.995732273553991,13.583709881281758,16
2021-10-15,2.995732273553991,12.89243038063672,11
2021-10-16,2.995732273553991,11.908297614763429,12
2021-10-17,2.995732273553991,10.894402379586818,7
2021-10-18,2.995732273553991,10.63542252212669,8
2021-10-19,2.995732273553991,11.197370609003864,11
2021-10-20,2.995732273553991,11.832483077467977,7
2021-10-21,2.995732273553991,11.994215483485359,16
2021-10-22,2.995732273553991,11.816682115355878,9
2021-10-23,2.995732273553991,10.938863797314266,5
2021-10-24,2.995732273553991,10.307236465589058,17
2021-10-25,2.995732273553991,10.405476733168136,6
2021-10-26,2.995732273553991,11.150961108930924,5
2021-10-27,2.995732273553991,11.93327549784427,14
2021-10-28,2.995732273553991,12.56596410476212,14
2021-10-29,3.095732273553991,11.055683155622178,17
2021-10-30,3.095732273553991,10.225914182516766,8
2021-10-31,3.095732273553991,9.482007470794336,7
2021-11-01,3.095732273553991,9.348283059124041,11
2021-11-02,3.095732273553991,10.11144739066245,11
2021-11-03,3.095732273553991,11.058402734429116,10
2021-11-04,3.095732273553991,11.424501377429294,13
2021-11-05,3.095732273553991,11.234846234644746,14
2021-11-06,3.095732273553991,10.417963471427413,11
2021-11-07,3.095732273553991,9.674772834082956,4
2021-11-08,3.095732273553991,9.80729147100245,6
2021-11-09,3.095732273553991,10.462590494092908,5
2021-11-10,3.095732273553991,11.610753798376892,16
2021-11-11,3.095732273553991,12.166230228844395,9
2021-11-12,3.095732273553991,11.748005346841158,9
2021-11-13,3.095732273553991,11.154294718835708,11
2021-11-14,3.095732273553991,10.390393093745562,13
2021-11-15,3.095732273553991,10.430542391172187,7
2021-11-16,3.095732273553991,11.227236853762488,12
2021-11-17,3.095732273553991,12.214005791885123,10
2021-11-18,3.095732273553991,12.696475953301883,17
2021-11-19,3.095732273553991,12.44734726488297,13
2021-11-20,3.095732273553991,11.310399491600936,15
2021-11-21,3.095732273553991,10.521770860741492,11
2021-11-22,3.095732273553991,10.613315446680305,18
2021-11-23,3.095732273553991,11.220925497705808,12
2021-11-24,3.095732273553991,12.47244864523172,19
2021-11-25,3.095732273553991,13.322497235327017,16
2021-11-26,3.095732273553991,12.76230684127787,16
2021-11-27,3.095732273553991,11.738490940165713,11
2021-11-28,3.095732273553991,10.955598321514751,11
2021-11-29,3.095732273553991,11.12518842575185,9
2021-11-30,3.095732273553991,12.248542310061731,17
2021-12-01,3.095732273553991,13.357899756951694,15
2021-12-02,3.095732273553991,13.61979663066856,18
2021-12-03,3.095732273553991,13.529520338425318,8
2021-12-04,3.095732273553991,12.343922541231326,12
2021-12-05,3.095732273553991,11.44614802656227,12
2021-12-06,3.095732273553991,11.209364527863475,12
2021-12-07,3.095732273553991,12.185862842231403,15
2021-12-08,3.095732273553991,13.292502241678005,20
2021-12-09,3.095732273553991,13.758530874716552,15
2021-12-10,3.095732273553991,13.202319111547656,12
2021-12-11,3.095732273553991,12.22754898192152,11
2021-12-12,3.095732273553991,11.640038666024633,17
2021-12-13,3.095732273553991,11.843868662482286,8
2021-12-14,3.095732273553991,12.693777147881692,14
2021-12-15,3.095732273553991,13.641376074568857,15
2021-12-16,3.095732273553991,13.964263788015598,20
2021-12-17,3.095732273553991,13.642938309601153,12
2021-12-18,3.095732273553991,12.575457529976802,16
2021-12-19,3.095732273553991,11.785819308477402,13
2021-12-20,3.095732273553991,11.930240631428692,13
2021-12-21,3.095732273553991,12.533185623387313,10
2021-12-22,3.095732273553991,13.586999436719273,19
2021-12-23,3.095732273553991,14.255044840225505,10
2021-12-24,3.095732273553991,13.976230578146973,15
2021-12-25,3.095732273553991,12.619842486672653,13
2021-12-26,3.095732273553991,12.064783782562738,17
2021-12-27,3.095732273553991,12.217456447279702,12
2021-12-28,3.095732273553991,13.083603068230587,11
2021-12-29,3.095732273553991,14.318092834249397,15
2021-12-30,3.095732273553991,15.357145848338117,10
2021-12-31,3.095732273553991,15.022165859599001,9
2022-01-01,3.095732273553991,15.06652850734041,16
2022-01-02,3.095732273553991,13.649457523480583,7
2022-01-03,3.095732273553991,12.779427762248819,15
2022-01-04,3.095732273553991,12.727710284841345,15
2022-01-05,3.095732273553991,13.552667349690026,14
2022-01-06,3.095732273553991,15.365997929000308,16
2022-01-07,3.095732273553991,15.992651631127876,9
2022-01-08,3.095732273553991,15.50692233748987,13
2022-01-09,3.095732273553991,14.053019024679491,17
2022-01-10,3.095732273553991,13.427177596181085,11
2022-01-11,3.095732273553991,13.16309184322543,26
2022-01-12,3.095732273553991,14.247582712266091,17
2022-01-13,3.095732273553991,15.524819657902915,18
2022-01-14,3.095732273553991,16.10001955492463,17
2022-01-15,3.095732273553991,15.443388849560531,9
2022-01-16,3.095732273553991,14.186269868699224,13
2022-01-17,3.095732273553991,13.150381262453747,11
2022-01-18,3.095732273553991,13.34463013274633,17
2022-01-19,3.095732273553991,14.253562025385985,9
2022-01-20,3.095732273553991,15.425744186111688,16
2022-01-21,3.095732273553991,16.045113898108756,12
2022-01-22,3.095732273553991,15.671310286390502,20
2022-01-23,3.095732273553991,14.425193007430806,18
2022-01-24,3.095732273553991,13.173687482118552,13
2022-01-25,3.095732273553991,13.114534218984955,7
2022-01-26,3.095732273553991,14.285608496031752,16
2022-01-27,3.095732273553991,15.353872869525484,14
2022-01-28,3.095732273553991,16.506687238337687,15
2022-01-29,3.095732273553991,15.67741962398777,21
2022-01-30,3.095732273553991,14.592878943314638,18
2022-01-31,3.095732273553991,13.287972766760324,12
2022-02-01,3.095732273553991,13.328096840856151,12
2022-02-02,3.095732273553991,14.168344007765581,13
2022-02-03,3.095732273553991,15.495055208168498,18
2022-02-04,3.095732273553991,15.997430868419729,11
2022-02-05,3.095732273553991,15.502941282443409,17
2022-02-06,3.095732273553991,14.543269482328007,8
2022-02-07,3.095732273553991,13.217977054201533,12
2022-02-08,3.095732273553991,13.379484469986187,15
2022-02-09,3.095732273553991,14.404182441567253,17
2022-02-10,3.095732273553991,15.866439753557469,18
2022-02-11,3.095732273553991,16.266175367273984,20
2022-02-12,3.095732273553991,15.57136714192506,15
2022-02-13,3.095732273553991,13.943846328313143,19
2022-02-14,3.095732273553991,12.962819576453011,14
2022-02-15,3.095732273553991,13.024827648937357,16
2022-02-16,3.095732273553991,13.986505850532701,18
2022-02-17,3.095732273553991,15.151279394620975,13
2022-02-18,3.095732273553991,15.664746352507839,13
2022-02-19,3.095732273553991,15.120624625685188,16
2022-02-20,3.095732273553991,14.23364667981644,13
2022-02-21,3.095732273553991,13.41238939822178,9
2022-02-22,3.095732273553991,13.577086742588078,20
2022-02-23,3.095732273553991,14.388126819771283,14
2022-02-24,3.095732273553991,15.911425678830083,18
2022-02-25,3.095732273553991,17.10695418339246,12
2022-02-26,3.095732273553991,16.36422238876767,14
2022-02-27,3.095732273553991,15.166668921577598,17
2022-02-28,3.095732273553991,14.060890225755125,13
2022-03-01,3.095732273553991,14.321198216810402,15
2022-03-02,3.095732273553991,15.305062822725386,11
2022-03-03,3.095732273553991,16.895854703738713,22
2022-03-04,3.095732273553991,18.14447263783148,22
2022-03-05,3.095732273553991,17.922981683374413,20
2022-03-06,3.095732273553991,17.099082240267183,21
2022-03-07,3.095732273553991,16.286330824710475,26
2022-03-08,3.095732273553991,15.75734940812053,12
2022-03-09,3.095732273553991,17.106601314588694,10
2022-03-10,3.095732273553991,18.43542743520256,21
2022-03-11,3.095732273553991,19.49602565979072,25
2022-03-12,3.095732273553991,19.286930524732327,23
2022-03-13,3.095732273553991,18.101111125893844,15
2022-03-14,3.095732273553991,16.916227120754577,14
2022-03-15,3.095732273553991,17.005736144700254,14
2022-03-16,3.095732273553991,18.75458073847724,15
2022-03-17,3.095732273553991,20.84345167474044,14
2022-03-18,3.095732273553991,21.504538476738006,27
2022-03-19,3.095732273553991,20.523327681540934,24
2022-03-20,3.095732273553991,18.762846479709747,10
2022-03-21,3.095732273553991,17.895239373583827,19
2022-03-22,3.095732273553991,17.48376338880729,19
2022-03-23,3.095732273553991,18.617330051939504,27
2022-03-24,3.095732273553991,20.567788898477847,22
2022-03-25,3.095732273553991,21.58159774247056,19
2022-03-26,3.095732273553991,20.945835057695778,21
2022-03-27,3.095732273553991,19.305522207371116,14
2022-03-28,3.195732273553991,16.77654865412678,20
2022-03-29,3.195732273553991,17.117543952373726,13
2022-03-30,3.195732273553991,18.35454431377671,19
2022-03-31,3.195732273553991,20.335614321280747,23
2022-04-01,3.195732273553991,21.316880966555544,16
2022-04-02,3.195732273553991,20.592631548588034,23
2022-04-03,3.195732273553991,19.40047596365515,22
2022-04-04,3.195732273553991,17.664608971599783,16
2022-04-05,3.195732273553991,17.561408522022067,15
2022-04-06,3.195732273553991,18.365373851443447,17
2022-04-07,3.195732273553991,20.384554364408327,24
2022-04-08,3.195732273553991,21.35019053441847,21
2022-04-09,3.195732273553991,21.23469546920195,26
2022-04-10,3.195732273553991,19.72530791177135,24
2022-04-11,3.195732273553991,18.46082872266088,17
2022-04-12,3.195732273553991,18.717703800554606,15
2022-04-13,3.195732273553991,20.11428407096044,23
2022-04-14,3.195732273553991,21.709436546388662,16
2022-04-15,3.195732273553991,23.148478055803157,26
2022-04-16,3.195732273553991,22.46622937980757,24
2022-04-17,3.195732273553991,20.55845155767078,21
2022-04-18,3.195732273553991,19.528493889463267,22
2022-04-19,3.195732273553991,19.2634997166694,20
2022-04-20,3.195732273553991,20.864057612264972,16
2022-04-21,3.195732273553991,23.188207005601054,29
2022-04-22,3.195732273553991,24.64034505099642,27
2022-04-23,3.195732273553991,23.76009275232749,22
2022-04-24,3.195732273553991,21.876537294554314,14
2022-04-25,3.195732273553991,20.298012425278763,25
2022-04-26,3.195732273553991,20.281000529064922,23
2022-04-27,3.195732273553991,21.60005308419595,31
2022-04-28,3.195732273553991,23.306543743894785,14
2022-04-29,3.195732273553991,24.02856192512055,24
2022-04-30,3.195732273553991,23.318902012162276,22
2022-05-01,3.195732273553991,21.40224612806422,16
2022-05-02,3.195732273553991,19.779024229581577,17
2022-05-03,3.195732273553991,20.02716553412612,14
2022-05-04,3.195732273553991,22.179626529924963,25
2022-05-05,3.195732273553991,24.231968150021103,35
2022-05-06,3.195732273553991,24.528311320028248,19
2022-05-07,3.195732273553991,23.63236850435721,21
2022-05-08,3.195732273553991,22.237048034893085,26
2022-05-09,3.195732273553991,20.877322238599167,30
2022-05-10,3.195732273553991,21.00429959864482,18
2022-05-11,3.195732273553991,23.326664097496256,26
2022-05-12,3.195732273553991,25.284705677386533,29
2022-05-13,3.195732273553991,27.454398704554933,27
2022-05-14,3.195732273553991,26.453192518014294,19
2022-05-15,3.195732273553991,24.68819922236842,26
2022-05-16,3.195732273553991,23.368205269806015,25
2022-05-17,3.195732273553991,23.19992925516961,23
2022-05-18,3.195732273553991,24.82571027394959,24
2022-05-19,3.195732273553991,26.198954065049172,14
2022-05-20,3.195732273553991,27.03704586932125,21
2022-05-21,3.195732273553991,26.323551224560454,25
2022-05-22,3.195732273553991,23.92265852605275,27
2022-05-23,3.195732273553991,22.696623505295868,14
2022-05-24,3.195732273553991,23.42345870567351,24
2022-05-25,3.195732273553991,25.09670999028949,28
2022-05-26,3.195732273553991,28.190895048427397,37
2022-05-27,3.195732273553991,29.878209035120978,30
2022-05-28,3.195732273553991,29.01041109860239,30
2022-05-29,3.195732273553991,26.282248878998185,26
2022-05-30,3.195732273553991,24.25840397641582,28
2022-05-31,3.195732273553991,24.02327115535969,23
2022-06-01,3.195732273553991,25.706142220298336,25
2022-06-02,3.195732273553991,28.018189680972913,31
2022-06-03,3.195732273553991,28.77496977379384,22
2022-06-04,3.195732273553991,28.076482363269303,31
2022-06-05,3.195732273553991,25.442963400941615,20
2022-06-06,3.195732273553991,23.447175864523953,23
2022-06-07,3.195732273553991,23.725143449181605,25
2022-06-08,3.195732273553991,26.001848923029414,27
2022-06-09,3.195732273553991,28.755766075092506,22
2022-06-10,3.195732273553991,29.707486033621787,34
2022-06-11,3.195732273553991,28.686296867615436,22
2022-06-12,3.195732273553991,26.351243646767145,16
2022-06-13,3.195732273553991,25.03657194443696,31
2022-06-14,3.195732273553991,25.84914101985826,24
2022-06-15,3.195732273553991,28.015911064929544,28
2022-06-16,3.195732273553991,29.5214731960569,26
2022-06-17,3.195732273553991,31.070869417049945,32
2022-06-18,3.195732273553991,29.16197513997732,33
2022-06-19,3.195732273553991,26.691544034262115,29
2022-06-20,3.195732273553991,24.54642393873054,22
2022-06-21,3.195732273553991,23.9343495556895,17
2022-06-22,3.195732273553991,25.616425918198885,25
2022-06-23,3.195732273553991,28.257156558141308,31
2022-06-24,3.195732273553991,29.57573835097412,21
2022-06-25,3.195732273553991,28.707252452415954,32
2022-06-26,3.195732273553991,26.93785889388467,22
2022-06-27,3.195732273553991,24.636661071446444,31
2022-06-28,3.195732273553991,25.334922125724187,23
2022-06-29,3.195732273553991,26.967821585074454,34
2022-06-30,3.195732273553991,29.57388173315807,29
2022-07-01,3.195732273553991,30.651674470521943,32
2022-07-02,3.195732273553991,30.338853924395146,23
2022-07-03,3.195732273553991,28.087212901376287,24
2022-07-04,3.195732273553991,26.108326048709674,24
2022-07-05,3.195732273553991,26.454516921975785,26
2022-07-06,3.195732273553991,27.863058549898614,38
2022-07-07,3.195732273553991,30.472625629122774,31
2022-07-08,3.195732273553991,32.1071673575566,32
2022-07-09,3.195732273553991,31.813760612070308,32
2022-07-10,3.195732273553991,29.30212206234182,26
2022-07-11,3.195732273553991,27.45323738936525,25
2022-07-12,3.195732273553991,28.518338748438854,37
2022-07-13,3.195732273553991,30.975985564880126,38
2022-07-14,3.195732273553991,34.16683547810777,47
2022-07-15,3.195732273553991,35.57811466412534,38
2022-07-16,3.195732273553991,34.037309041371856,43
2022-07-17,3.195732273553991,30.58764489130774,32
2022-07-18,3.195732273553991,28.81304643493457,25
2022-07-19,3.195732273553991,28.730943063777698,27
2022-07-20,3.195732273553991,30.754529423541914,31
2022-07-21,3.195732273553991,33.78513452575754,44
2022-07-22,3.195732273553991,35.40492670433545,29
2022-07-23,3.195732273553991,34.33893907749349,33
2022-07-24,3.195732273553991,31.22243030783921,22
2022-07-25,3.195732273553991,29.34134000840394,34
2022-07-26,3.195732273553991,29.783726936926794,26
2022-07-27,3.195732273553991,32.1088936379895,39
2022-07-28,3.195732273553991,35.09270063752278,36
2022-07-29,3.195732273553991,36.443934718173544,34
2022-07-30,3.195732273553991,35.56209860137402,34
2022-07-31,3.195732273553991,32.79774246946077,34
2022-08-01,3.195732273553991,30.858040739345036,34
2022-08-02,3.195732273553991,30.776998652010505,32
2022-08-03,3.195732273553991,33.37765188255961,27
2022-08-04,3.195732273553991,36.3683623024342,44
2022-08-05,3.195732273553991,37.857850228613124,40
2022-08-06,3.195732273553991,37.36389386432121,46
2022-08-07,3.195732273553991,33.80712022031312,30
2022-08-08,3.195732273553991,31.549803440433205,36
2022-08-09,3.195732273553991,31.748242327077072,37
2022-08-10,3.195732273553991,34.45475847980269,33
2022-08-11,3.195732273553991,38.72808492352066,31
2022-08-12,3.195732273553991,40.405801633596475,46
2022-08-13,3.195732273553991,38.26039092397753,50
2022-08-14,3.195732273553991,34.40572404172565,43
2022-08-15,3.195732273553991,32.67695783681055,34
2022-08-16,3.195732273553991,31.90359542932701,30
2022-08-17,3.195732273553991,34.39019419696393,35
2022-08-18,3.195732273553991,37.555269941769694,29
2022-08-19,3.195732273553991,39.455890994391304,46
2022-08-20,3.195732273553991,37.777572237510206,43
2022-08-21,3.195732273553991,34.885582499161366,42
2022-08-22,3.195732273553991,32.16593505427912,31
2022-08-23,3.195732273553991,32.06621552705536,38
2022-08-24,3.195732273553991,34.456647144305364,39
2022-08-25,3.195732273553991,37.67375075112129,40
2022-08-26,3.195732273553991,38.51626949009263,44
2022-08-27,3.195732273553991,37.428064380920006,53
2022-08-28,3.195732273553991,33.87632975541923,23
2022-08-29,3.195732273553991,31.51281661573512,23
2022-08-30,3.195732273553991,32.16899703540596,28
2022-08-31,3.195732273553991,34.34936067170244,36
2022-09-01,3.195732273553991,37.40173404965532,39
2022-09-02,3.195732273553991,39.0561507350892,43
2022-09-03,3.195732273553991,36.90779375579647,29
2022-09-04,3.195732273553991,35.225757821728045,28
2022-09-05,3.195732273553991,33.028845162593484,28
2022-09-06,3.195732273553991,32.841500135691966,45
2022-09-07,3.195732273553991,35.29737947867426,31
2022-09-08,3.195732273553991,38.40442488958185,46
2022-09-09,3.195732273553991,39.33665011373677,39
2022-09-10,3.195732273553991,36.895583411772,42
2022-09-11,3.195732273553991,33.590974674592104,35
2022-09-12,3.195732273553991,30.92861154254255,33
2022-09-13,3.195732273553991,30.90019465742643,36
2022-09-14,3.195732273553991,33.650083046329364,31
2022-09-15,3.195732273553991,36.26756045673062,41
2022-09-16,3.195732273553991,37.869115936557925,36
2022-09-17,3.195732273553991,36.828938768439876,44
2022-09-18,3.195732273553991,33.762192506202624,30
2022-09-19,3.195732273553991,31.67631349640886,36
2022-09-20,3.195732273553991,31.35519355645751,32
2022-09-21,3.195732273553991,34.261688393276785,28
2022-09-22,3.195732273553991,36.50622181060005,37
2022-09-23,3.195732273553991,38.79203290119604,35
2022-09-24,3.195732273553991,36.16770272445638,46
2022-09-25,3.195732273553991,33.33415327661384,35
2022-09-26,3.195732273553991,30.690754297252067,29
2022-09-27,3.195732273553991,30.290434898720136,38
2022-09-28,3.195732273553991,32.199010408776346,29
2022-09-29,3.195732273553991,34.73394087516178,27
2022-09-30,3.195732273553991,35.935033006709226,31
2022-10-01,3.195732273553991,34.65176235225176,25
2022-10-02,3.195732273553991,32.551366430462245,33
2022-10-03,3.195732273553991,30.40929974511673,31
2022-10-04,3.195732273553991,30.013430417038403,37
2022-10-05,3.195732273553991,32.072537378297945,30
2022-10-06,3.195732273553991,34.40965855610081,46
2022-10-07,3.195732273553991,35.0973464264926,42
2022-10-08,3.195732273553991,33.642825489242114,27
2022-10-09,3.195732273553991,31.392003219206355,28
2022-10-10,3.195732273553991,29.013837131442692,24
2022-10-11,3.195732273553991,29.084849433094163,26
2022-10-12,3.195732273553991,31.15657659993444,36
2022-10-13,3.195732273553991,34.34251450597363,30
2022-10-14,3.0457322735539907,39.92005260196029,47
2022-10-15,3.0457322735539907,39.41270276947302,39
2022-10-16,3.0457322735539907,35.774215318933514,39
2022-10-17,3.0457322735539907,33.058958779650915,36
2022-10-18,3.0457322735539907,33.15843629112548,33
2022-10-19,3.0457322735539907,35.43593592484252,32
2022-10-20,3.0457322735539907,37.830857164298614,47
2022-10-21,3.0457322735539907,38.39299573506132,43
2022-10-22,3.0457322735539907,37.12437113485319,43
2022-10-23,3.0457322735539907,34.28469516019493,37
2022-10-24,3.0457322735539907,31.70824394753477,23
2022-10-25,3.0457322735539907,31.797895105553547,36
2022-10-26,3.0457322735539907,33.10800333385434,23
2022-10-27,3.0457322735539907,35.820111435894276,26
2022-10-28,3.0457322735539907,37.63498799130869,39
2022-10-29,3.0457322735539907,37.170018692793164,41
2022-10-30,3.0457322735539907,34.502190655488356,33
2022-10-31,3.0457322735539907,31.8238318540963,26
2022-11-01,3.0457322735539907,32.20919937225745,36
2022-11-02,3.0457322735539907,34.531023505104635,33
2022-11-03,3.0457322735539907,38.362556869644436,52
2022-11-04,3.0457322735539907,40.34415989663527,48
2022-11-05,3.0457322735539907,39.752225430957786,40
2022-11-06,3.0457322735539907,35.219192102363124,27
2022-11-07,3.0457322735539907,32.30457697102025,38
2022-11-08,3.0457322735539907,32.081732784748674,32
2022-11-09,3.0457322735539907,34.92073095917463,36
2022-11-10,3.0457322735539907,37.738774657093884,36
2022-11-11,3.0457322735539907,39.173378499269376,46
2022-11-12,3.0457322735539907,37.59412579463817,30
2022-11-13,3.0457322735539907,34.59224955553024,32
2022-11-14,3.0457322735539907,31.272495082400404,25
2022-11-15,3.0457322735539907,31.281011161296586,42
2022-11-16,3.0457322735539907,33.88632596387346,33
2022-11-17,3.0457322735539907,37.05910771018071,40
2022-11-18,3.0457322735539907,38.1709454321108,35
2022-11-19,3.0457322735539907,37.300954067870435,36
2022-11-20,3.0457322735539907,35.00386459308749,34
2022-11-21,3.0457322735539907,33.33967276978858,30
2022-11-22,3.0457322735539907,33.225348083289134,33
2022-11-23,3.0457322735539907,34.476624045157955,44
2022-11-24,3.0457322735539907,37.12655364282834,25
2022-11-25,3.0457322735539907,37.76049832712229,29
2022-11-26,3.0457322735539907,36.5286364017432,28
2022-11-27,3.0457322735539907,34.05712911654391,39
2022-11-28,3.0457322735539907,31.954105300166564,37
2022-11-29,3.0457322735539907,31.752485718277978,38
2022-11-30,3.0457322735539907,34.044284269852184,31
2022-12-01,3.0457322735539907,37.19837291240302,34
2022-12-02,3.0457322735539907,38.06485036899938,34
2022-12-03,3.0457322735539907,36.81005626951017,43
2022-12-04,3.0457322735539907,34.14174065693536,30
2022-12-05,3.0457322735539907,31.38390228345401,31
2022-12-06,3.0457322735539907,31.989802346194697,37
2022-12-07,3.0457322735539907,34.61615894660348,36
2022-12-08,3.0457322735539907,37.123737309712084,39
2022-12-09,3.0457322735539907,38.12145823377125,37
2022-12-10,3.0457322735539907,36.48535049188242,34
2022-12-11,3.0457322735539907,33.14144556366791,43
2022-12-12,3.0457322735539907,30.744712102535875,29
2022-12-13,3.0457322735539907,30.043620498648078,32
2022-12-14,3.0457322735539907,31.868488492517837,33
2022-12-15,3.0457322735539907,33.94125521947865,29
2022-12-16,3.0457322735539907,34.84060857199406,30
2022-12-17,3.0457322735539907,33.84549824759218,28
2022-12-18,3.0457322735539907,30.505300180427195,30
2022-12-19,3.0457322735539907,28.72704878913453,26
2022-12-20,3.0457322735539907,28.28942733611887,34
2022-12-21,3.0457322735539907,30.30960461140237,20
2022-12-22,3.0457322735539907,32.61997531513447,47
2022-12-23,3.0457322735539907,33.64038130491781,38
2022-12-24,3.0457322735539907,33.33855821612503,35
2022-12-25,3.0457322735539907,30.084427346948736,26
2022-12-26,3.0457322735539907,28.276369751304,27
2022-12-27,3.0457322735539907,28.15655446435742,26
2022-12-28,3.0457322735539907,30.6751777514067,25
2022-12-29,3.0457322735539907,32.72348906417731,37
2022-12-30,3.0457322735539907,33.850913470777456,43
2022-12-31,3.0457322735539907,33.428765855788406,29
2023-01-01,3.0457322735539907,34.355622801513746,27
2023-01-02,3.0457322735539907,31.914250084867966,38
2023-01-03,3.0457322735539907,29.829583919309226,30
2023-01-04,3.0457322735539907,29.774361525263135,31
2023-01-05,3.0457322735539907,33.42509145059919,32
2023-01-06,3.0457322735539907,36.00570204469345,42
2023-01-07,3.0457322735539907,37.32911191092831,44
2023-01-08,3.0457322735539907,35.6002854549492,25
2023-01-09,3.0457322735539907,33.28276224439886,44
2023-01-10,3.0457322735539907,31.04072524043448,37
2023-01-11,3.0457322735539907,31.853937913252174,37
2023-01-12,3.0457322735539907,34.07902839118525,39
2023-01-13,3.0457322735539907,36.31672004386092,29
2023-01-14,3.0457322735539907,39.0339046589112,34
2023-01-15,3.0457322735539907,37.57902002488593,37
2023-01-16,3.0457322735539907,34.76298120393216,26
2023-01-17,3.0457322735539907,31.979557685425043,36
2023-01-18,3.0457322735539907,32.74625589004798,34
2023-01-19,3.0457322735539907,35.14057969135858,31
2023-01-20,3.0457322735539907,38.387482990831224,35
2023-01-21,3.0457322735539907,40.13285418828796,34
2023-01-22,3.0457322735539907,38.24413345311026,34
2023-01-23,3.0457322735539907,35.3599832965929,45
2023-01-24,3.0457322735539907,32.651129225155955,28
2023-01-25,3.0457322735539907,32.83496870622546,41
2023-01-26,3.0457322735539907,34.965280885058256,50
2023-01-27,3.0457322735539907,39.895279362325425,45
2023-01-28,3.0457322735539907,40.689436369151046,43
2023-01-29,3.0457322735539907,40.577428933384354,40
2023-01-30,3.0457322735539907,36.81247761412833,43
2023-01-31,3.0457322735539907,33.94790285979523,29
2023-02-01,3.0457322735539907,33.478033808585245,18
2023-02-02,3.0457322735539907,35.03235580968841,31
2023-02-03,3.0457322735539907,38.1510331674944,35
2023-02-04,3.0457322735539907,39.232808124572905,35
2023-02-05,3.0457322735539907,38.491776772720414,36
2023-02-06,3.0457322735539907,35.599042294827306,30
2023-02-07,3.0457322735539907,32.25876157945304,19
2023-02-08,3.0457322735539907,32.150948413002254,36
2023-02-09,3.0457322735539907,35.33716618625007,33
2023-02-10,3.0457322735539907,38.9615349809836,51
2023-02-11,3.0457322735539907,40.431913526381216,45
2023-02-12,3.0457322735539907,38.86749377435877,45
2023-02-13,3.0457322735539907,35.630400061500346,47
2023-02-14,3.0457322735539907,33.18416086336917,39
2023-02-15,3.0457322735539907,33.75351222409716,30
2023-02-16,3.0457322735539907,35.78775153018547,37
2023-02-17,3.0457322735539907,39.24845560774755,40
2023-02-18,3.0457322735539907,41.27325959792161,37
2023-02-19,3.0457322735539907,40.156896196465766,36
2023-02-20,3.0457322735539907,36.4625867999525,37
2023-02-21,3.0457322735539907,34.01101930906019,37
2023-02-22,3.0457322735539907,34.62464051172166,40
2023-02-23,3.0457322735539907,36.42598167896732,26
2023-02-24,3.0457322735539907,40.60987352893408,36
2023-02-25,3.0457322735539907,41.96240337463119,33
2023-02-26,3.0457322735539907,39.8839474533945,45
2023-02-27,3.0457322735539907,37.33540333221524,34
2023-02-28,3.0457322735539907,34.62267154013991,33
2023-03-01,3.0457322735539907,34.23267293981943,33
2023-03-02,3.0457322735539907,37.03154462701998,43
2023-03-03,3.0457322735539907,41.11289519312658,46
2023-03-04,3.0457322735539907,43.04339903224278,33
2023-03-05,3.0457322735539907,42.33979036042876,37
2023-03-06,3.0457322735539907,39.36452264670034,43
2023-03-07,3.0457322735539907,36.38361728800165,36
2023-03-08,3.0457322735539907,36.91384649004335,46
2023-03-09,3.0457322735539907,39.86178326726838,50
2023-03-10,3.0457322735539907,43.20875130482329,43
2023-03-11,3.0457322735539907,44.898190614868426,56
2023-03-12,3.0457322735539907,43.75597666738662,49
2023-03-13,3.0457322735539907,41.17705151233456,33
2023-03-14,3.0457322735539907,38.4728503196446,39
2023-03-15,3.0457322735539907,38.62685923035286,44
2023-03-16,3.0457322735539907,40.75120293049862,39
2023-03-17,3.0457322735539907,43.120491023632006,37
2023-03-18,3.0457322735539907,43.705984459179945,39
2023-03-19,3.0457322735539907,42.03932762266376,43
2023-03-20,3.0457322735539907,39.16942330375897,34
2023-03-21,3.0457322735539907,35.88120308761197,28
2023-03-22,3.0457322735539907,37.62806096842881,39
2023-03-23,3.0457322735539907,40.49406773389622,33
2023-03-24,3.0457322735539907,44.94457097131955,51
2023-03-25,3.0457322735539907,47.66810148924338,36
2023-03-26,3.0457322735539907,45.49902503376853,32
2023-03-27,3.0457322735539907,42.032699118385054,55
2023-03-28,3.0457322735539907,39.93128562493953,35
2023-03-29,3.0457322735539907,39.65939928665171,39
2023-03-30,3.0457322735539907,42.9889106506569,45
2023-03-31,3.0457322735539907,47.28115329294645,40
2023-04-01,3.0457322735539907,49.22730747159161,45
2023-04-02,3.0457322735539907,47.42129638911268,53
2023-04-03,3.0457322735539907,45.22684814061023,39
2023-04-04,3.0457322735539907,41.869540855961816,40
2023-04-05,3.0457322735539907,42.65814958875012,44
2023-04-06,3.0457322735539907,45.231454246326926,33
2023-04-07,3.0457322735539907,47.7672234304535,41
2023-04-08,3.0457322735539907,49.357003667453746,45
2023-04-09,3.0457322735539907,47.47128247670968,34
2023-04-10,3.0457322735539907,42.966083137279355,44
2023-04-11,3.0457322735539907,40.02986712990321,44
2023-04-12,3.0457322735539907,40.52319344575305,28
2023-04-13,3.0457322735539907,43.285973825218235,42
2023-04-14,3.0457322735539907,49.022743915325535,57
2023-04-15,3.0457322735539907,51.513736343938945,53
2023-04-16,3.0457322735539907,49.81069434808185,50
2023-04-17,3.0457322735539907,48.119561681373526,46
2023-04-18,3.0457322735539907,43.97615091847236,40
2023-04-19,3.0457322735539907,45.26864202299286,41
2023-04-20,3.0457322735539907,47.904675387708544,45
2023-04-21,3.0457322735539907,51.92969779880932,60
2023-04-22,3.0457322735539907,53.39771940954484,47
2023-04-23,3.0457322735539907,52.65215109385492,55
2023-04-24,3.0457322735539907,47.31374526538735,46
2023-04-25,3.0457322735539907,44.77516073560214,43
2023-04-26,3.0457322735539907,46.102828677851186,54
2023-04-27,3.0457322735539907,50.21627657184339,59
2023-04-28,3.0457322735539907,55.10516714003052,62
2023-04-29,3.0457322735539907,57.1736050752503,57
2023-04-30,3.0457322735539907,53.93005713470152,59
2023-05-01,3.0457322735539907,50.60049706523791,36
2023-05-02,3.0457322735539907,47.71665878609072,53
2023-05-03,3.0457322735539907,47.65126620746501,43
2023-05-04,3.0457322735539907,50.316357812332136,48
2023-05-05,3.0457322735539907,55.147511322485585,44
2023-05-06,3.0457322735539907,57.75610179554483,53
2023-05-07,3.0457322735539907,56.24505234747844,61
2023-05-08,3.0457322735539907,51.86474805434977,60
2023-05-09,3.0457322735539907,49.46366501614388,54
2023-05-10,3.0457322735539907,48.597677252627406,53
2023-05-11,3.0457322735539907,51.92707118981463,58
2023-05-12,3.0457322735539907,57.43809991077437,54
2023-05-13,3.0457322735539907,59.720248628975945,60
2023-05-14,3.0457322735539907,59.139298177447834,55
2023-05-15,3.0457322735539907,57.208399159285186,50
2023-05-16,3.0457322735539907,54.048888534531294,45
2023-05-17,3.0457322735539907,55.41321634363478,57
2023-05-18,3.0457322735539907,60.837237820881,51
2023-05-19,3.0457322735539907,65.31378443107607,63
2023-05-20,3.0457322735539907,67.64151956114107,77
2023-05-21,3.0457322735539907,67.16279635429348,62
2023-05-22,3.0457322735539907,60.367307854998685,56
2023-05-23,3.0457322735539907,57.53326857259817,48
2023-05-24,3.0457322735539907,58.01678553688595,63
2023-05-25,3.0457322735539907,60.47110825034998,78
2023-05-26,3.0457322735539907,66.68876896349592,76
2023-05-27,3.0457322735539907,70.41751351143373,69
2023-05-28,3.0457322735539907,66.74054815416238,71
2023-05-29,3.0457322735539907,60.358563649305474,52
2023-05-30,3.0457322735539907,57.04229503956655,60
2023-05-31,3.0457322735539907,57.560607064843175,69
2023-06-01,3.0457322735539907,62.00318300144077,65
2023-06-02,3.0457322735539907,68.22475509518057,71
2023-06-03,3.0457322735539907,72.79504755240026,76
2023-06-04,3.0457322735539907,69.55200794755375,74
2023-06-05,3.0457322735539907,64.14987220150385,66
2023-06-06,3.0457322735539907,59.22457154147819,59
2023-06-07,3.0457322735539907,57.90729031419522,60
2023-06-08,3.0457322735539907,61.19893826713579,67
2023-06-09,3.0457322735539907,66.04519265862321,67
2023-06-10,3.0457322735539907,67.37594426008012,69
2023-06-11,3.0457322735539907,65.15321512993015,78
2023-06-12,3.0457322735539907,60.66449291556668,59
2023-06-13,3.0457322735539907,56.108616064267494,46
2023-06-14,3.0457322735539907,57.72338763159945,51
2023-06-15,3.0457322735539907,60.93749363917421,57
2023-06-16,3.0457322735539907,66.54447792880687,57
2023-06-17,3.0457322735539907,70.29609940281283,70
2023-06-18,3.0457322735539907,69.59990800682148,63
2023-06-19,3.0457322735539907,64.63517584624739,57
2023-06-20,3.0457322735539907,60.358447499974446,73
2023-06-21,3.1457322735539908,55.736806901550544,49
2023-06-22,3.1457322735539908,61.22598967640749,86
2023-06-23,3.1457322735539908,67.66230573087905,69
2023-06-24,3.1457322735539908,69.24661635816334,49
2023-06-25,3.1457322735539908,66.82924404138168,64
2023-06-26,3.1457322735539908,63.3928781728908,59
2023-06-27,3.1457322735539908,59.61618137977097,59
2023-06-28,3.1457322735539908,59.28496974829815,55
2023-06-29,3.1457322735539908,63.67297633747354,69
2023-06-30,3.1457322735539908,69.63929095762575,66
2023-07-01,3.1457322735539908,72.28631661326784,65
2023-07-02,3.1457322735539908,69.38610685369943,77
2023-07-03,3.1457322735539908,63.55881799945951,67
2023-07-04,3.1457322735539908,60.76662367763131,69
2023-07-05,3.1457322735539908,61.001143286554694,69
2023-07-06,3.1457322735539908,67.13896913182492,75
2023-07-07,3.1457322735539908,72.95211258509437,66
2023-07-08,3.1457322735539908,74.26091742604545,79
2023-07-09,3.1457322735539908,73.1038087266926,72
2023-07-10,3.1457322735539908,66.41389140921089,71
2023-07-11,3.1457322735539908,60.455500753705095,68
2023-07-12,3.1457322735539908,60.772169417551126,46
2023-07-13,3.1457322735539908,64.37732858127508,59
2023-07-14,3.1457322735539908,70.11077291423834,101
2023-07-15,3.1457322735539908,72.17914008802599,73
2023-07-16,3.1457322735539908,69.48622387058076,55
2023-07-17,3.1457322735539908,63.57843731894856,75
2023-07-18,3.1457322735539908,60.616597611729155,85
2023-07-19,3.1457322735539908,60.48630143211815,73
2023-07-20,3.1457322735539908,65.27469466187326,55
2023-07-21,3.1457322735539908,70.3448664431561,64
2023-07-22,3.1457322735539908,72.69004906469085,83
2023-07-23,3.1457322735539908,71.62178154097059,70
2023-07-24,3.1457322735539908,67.72779558064678,73
2023-07-25,3.1457322735539908,62.71867088294321,55
2023-07-26,3.1457322735539908,62.17947532149481,65
2023-07-27,3.1457322735539908,65.86966650416267,59
2023-07-28,3.1457322735539908,71.40880612783512,66
2023-07-29,3.1457322735539908,72.76169299883153,76
2023-07-30,3.1457322735539908,69.7221056242183,71
2023-07-31,3.1457322735539908,63.51691299757817,62
2023-08-01,3.1457322735539908,59.55084392252675,80
2023-08-02,3.1457322735539908,60.5729177981742,54
2023-08-03,3.1457322735539908,62.30537851393456,66
2023-08-04,3.1457322735539908,70.43517083088506,84
2023-08-05,3.1457322735539908,73.32851316376234,76
2023-08-06,3.1457322735539908,71.5312443705965,72
2023-08-07,3.1457322735539908,65.11843315526042,60
2023-08-08,3.1457322735539908,60.39790636725897,62
2023-08-09,3.1457322735539908,60.288330834649756,69
2023-08-10,3.1457322735539908,65.33433364066724,75
2023-08-11,3.1457322735539908,72.04685236557063,55
2023-08-12,3.1457322735539908,73.09709842119764,78
2023-08-13,3.1457322735539908,70.15182508979218,68
2023-08-14,3.1457322735539908,63.39861056443491,53
2023-08-15,3.1457322735539908,59.06108144664259,54
2023-08-16,3.1457322735539908,58.1243725560697,63
2023-08-17,3.1457322735539908,62.23164486362793,63
2023-08-18,3.1457322735539908,68.09247310638885,57
2023-08-19,3.1457322735539908,69.64441162680168,71
2023-08-20,3.1457322735539908,67.47163313457878,53
2023-08-21,3.1457322735539908,62.75517624143133,65
2023-08-22,3.1457322735539908,59.22100076510938,55
2023-08-23,3.1457322735539908,60.409971927085,49
2023-08-24,3.1457322735539908,64.93089211250243,72
2023-08-25,3.1457322735539908,68.67936004020375,68
2023-08-26,3.1457322735539908,70.98814528871034,79
2023-08-27,3.1457322735539908,68.99386240212807,72
2023-08-28,3.1457322735539908,65.14064531622618,70
2023-08-29,3.1457322735539908,59.95518139132826,60
2023-08-30,3.1457322735539908,61.38090456610943,66
2023-08-31,3.1457322735539908,65.95102441255591,72
2023-09-01,3.1457322735539908,72.03525653019936,76
2023-09-02,3.1457322735539908,73.31475608897249,77
2023-09-03,3.1457322735539908,71.68950922443145,60
2023-09-04,3.1457322735539908,65.57966717056608,54
2023-09-05,3.1457322735539908,60.49094426094777,51
2023-09-06,3.1457322735539908,60.8353985053618,71
2023-09-07,3.1457322735539908,65.44572739298579,69
2023-09-08,3.1457322735539908,72.0291914478005,76
2023-09-09,3.1457322735539908,74.63520034746777,54
2023-09-10,3.1457322735539908,74.03982956434912,72
2023-09-11,3.1457322735539908,70.35734470512973,72
2023-09-12,3.1457322735539908,65.79550745293695,52
2023-09-13,3.1457322735539908,65.16950691111985,81
2023-09-14,3.1457322735539908,71.64448361163466,76
2023-09-15,3.1457322735539908,77.3422876307865,72
2023-09-16,3.1457322735539908,80.25863680638031,67
2023-09-17,3.1457322735539908,79.55495296798978,61
2023-09-18,3.1457322735539908,73.33260679958649,75
2023-09-19,3.1457322735539908,68.17711013144667,76
2023-09-20,3.1457322735539908,65.3929206778185,61
2023-09-21,3.1457322735539908,69.85761813323735,68
2023-09-22,3.1457322735539908,75.28313794415281,69
2023-09-23,3.1457322735539908,77.81294268297353,79
2023-09-24,3.1457322735539908,76.48321403125067,75
2023-09-25,3.1457322735539908,69.61178439478441,79
2023-09-26,3.1457322735539908,65.49807013227705,69
2023-09-27,3.1457322735539908,64.3348463744871,56
2023-09-28,3.1457322735539908,68.8877626359648,57
2023-09-29,3.1457322735539908,75.19095631865947,67
2023-09-30,3.1457322735539908,79.07500502733255,80
2023-10-01,3.1457322735539908,76.39911518930921,69
2023-10-02,3.1457322735539908,69.11581581261927,70
2023-10-03,3.1457322735539908,63.0627895362072,59
2023-10-04,3.1457322735539908,63.56461502313882,68
2023-10-05,3.1457322735539908,67.67968139209617,74
2023-10-06,3.1457322735539908,72.95251110621874,73
2023-10-07,3.1457322735539908,75.90996203301371,84
2023-10-08,3.1457322735539908,70.18473220592733,70
2023-10-09,3.1457322735539908,66.26144334390032,74
2023-10-10,3.1457322735539908,60.61679647917815,62
2023-10-11,3.1457322735539908,59.1266855934331,55
2023-10-12,3.1457322735539908,63.20752281865067,53
2023-10-13,3.1457322735539908,67.96773930305537,66
2023-10-14,3.1457322735539908,69.01188491249354,68
2023-10-15,3.1457322735539908,65.6897441883843,62
2023-10-16,3.1457322735539908,58.66912505539684,66
2023-10-17,3.1457322735539908,55.21262957010461,56
2023-10-18,3.1457322735539908,56.03994930246923,49
2023-10-19,3.1457322735539908,60.41792110832949,50
2023-10-20,3.1457322735539908,67.74717736143607,84
2023-10-21,3.1457322735539908,68.4772964736437,55
2023-10-22,3.1457322735539908,66.090068243898,69
2023-10-23,3.1457322735539908,60.63853754244358,63
2023-10-24,3.1457322735539908,55.50625907739771,62
2023-10-25,3.1457322735539908,54.837042377650256,49
2023-10-26,3.1457322735539908,57.99365561829105,60
2023-10-27,3.1457322735539908,63.515177124163735,57
2023-10-28,3.1457322735539908,64.48607542926504,68
2023-10-29,3.1457322735539908,60.461410120025796,58
2023-10-30,3.1457322735539908,55.803314761244415,58
2023-10-31,3.1457322735539908,52.13159489230806,54
2023-11-01,3.1457322735539908,51.81410645554409,50
2023-11-02,3.1457322735539908,55.47836637944153,49
2023-11-03,3.1457322735539908,60.008428983116715,62
2023-11-04,3.1457322735539908,62.55786340259941,53
2023-11-05,3.1457322735539908,60.27175124672811,55
2023-11-06,3.1457322735539908,55.69401091076688,57
2023-11-07,3.1457322735539908,51.09261153713783,60
2023-11-08,3.1457322735539908,51.28758064480135,46
2023-11-09,3.1457322735539908,53.81224471148937,56
2023-11-10,3.1457322735539908,58.95339957770714,54
2023-11-11,3.1457322735539908,60.08897063434838,61
2023-11-12,3.1457322735539908,58.24672092013497,55
2023-11-13,3.1457322735539908,53.52108374072218,68
2023-11-14,3.1457322735539908,49.604992970044414,62
2023-11-15,3.1457322735539908,51.1286517622908,53
2023-11-16,3.1457322735539908,56.17055533138706,56
2023-11-17,3.1457322735539908,58.41132352819459,56
2023-11-18,3.1457322735539908,59.05307592769017,61
2023-11-19,3.1457322735539908,55.96826473111891,55
2023-11-20,3.1457322735539908,53.131208409306325,52
2023-11-21,3.1457322735539908,48.726026867725,56
2023-11-22,3.1457322735539908,49.94896217746261,44
2023-11-23,3.1457322735539908,54.048197301831074,63
2023-11-24,3.1457322735539908,58.514128254913075,54
2023-11-25,3.1457322735539908,61.62041612438397,62
2023-11-26,3.1457322735539908,59.83026846624353,50
2023-11-27,3.1457322735539908,55.112722717900134,44
2023-11-28,3.1457322735539908,51.208032037793714,51
2023-11-29,3.1457322735539908,51.12810828596016,42
2023-11-30,3.1457322735539908,54.335332496731276,73
2023-12-01,3.1457322735539908,58.06289674392022,69
2023-12-02,3.1457322735539908,59.58014734763616,70
2023-12-03,3.1457322735539908,58.20502162846503,64
2023-12-04,3.1457322735539908,52.73461811346621,57
2023-12-05,3.1457322735539908,48.484213391180916,44
2023-12-06,3.1457322735539908,47.98327090976339,44
2023-12-07,3.1457322735539908,52.225317111340146,43
2023-12-08,3.1457322735539908,55.926151773598576,67
2023-12-09,3.1457322735539908,58.551153180498375,48
2023-12-10,3.1457322735539908,56.43588942244881,62
2023-12-11,3.1457322735539908,52.429577093505564,49
2023-12-12,3.1457322735539908,49.59459574298093,44
2023-12-13,3.1457322735539908,49.32550778674205,42
2023-12-14,3.1457322735539908,53.09547612892599,48
2023-12-15,3.1457322735539908,57.263452960898185,63
2023-12-16,3.1457322735539908,59.674480917626646,57
2023-12-17,3.1457322735539908,58.815858594749095,50
2023-12-18,3.1457322735539908,56.4270857752418,50
2023-12-19,3.1457322735539908,52.02533376368522,56
2023-12-20,3.1457322735539908,52.18537353655602,56
2023-12-21,3.1457322735539908,57.03386143208018,50
2023-12-22,3.1457322735539908,61.72001887771441,68
2023-12-23,3.1457322735539908,63.08766818358841,62
2023-12-24,3.1457322735539908,60.45570818797201,70
2023-12-25,3.1457322735539908,55.055071032430284,55
2023-12-26,3.1457322735539908,51.06706440787181,59
2023-12-27,3.1457322735539908,52.339611860505286,53
2023-12-28,3.1457322735539908,55.879126887731594,54
2023-12-29,3.1457322735539908,60.8583286679894,65
2023-12-30,3.1457322735539908,62.04620428397833,66
2023-12-31,3.1457322735539908,60.22325404093606,65
2024-01-01,3.1457322735539908,60.27870542351888,51
2024-01-02,3.1457322735539908,56.09378783582687,68
2024-01-03,3.1457322735539908,52.90241003911997,47
2024-01-04,3.1457322735539908,52.20221823202911,54
2024-01-05,3.1457322735539908,56.24461822693461,66
2024-01-06,3.1457322735539908,60.70211058498317,49
2024-01-07,3.1457322735539908,62.62944904340671,63
2024-01-08,3.1457322735539908,61.39492232732441,53
2024-01-09,3.1457322735539908,56.411186304690794,51
2024-01-10,3.1457322735539908,52.33418834994441,66
2024-01-11,3.1457322735539908,52.569406367229014,52
2024-01-12,3.1457322735539908,57.4245530505219,54
2024-01-13,3.1457322735539908,63.13328144838259,74
2024-01-14,3.1457322735539908,65.84343672718113,75
2024-01-15,3.1457322735539908,65.27721404428833,76
2024-01-16,3.1457322735539908,58.29609552691482,57
2024-01-17,3.1457322735539908,54.548322545241966,53
2024-01-18,3.1457322735539908,53.40940165563795,59
2024-01-19,3.1457322735539908,57.56100016178253,55
2024-01-20,3.1457322735539908,62.3424587091071,61
2024-01-21,3.1457322735539908,66.41852371332473,67
2024-01-22,3.1457322735539908,64.15724194527111,65
2024-01-23,3.1457322735539908,60.4028391111262,70
2024-01-24,3.1457322735539908,56.834589782001046,54
2024-01-25,3.1457322735539908,57.840083054479,63
2024-01-26,3.1457322735539908,63.02197246869272,60
2024-01-27,3.1457322735539908,69.265107964082,76
2024-01-28,3.1457322735539908,70.97294333823008,71
2024-01-29,3.1457322735539908,68.89764181919618,55
2024-01-30,3.1457322735539908,63.547593299412156,65
2024-01-31,3.1457322735539908,60.374599863403404,78
2024-02-01,3.1457322735539908,60.705276593338624,68
2024-02-02,3.1457322735539908,65.47726219474096,65
2024-02-03,3.1457322735539908,72.12558019137984,65
2024-02-04,3.1457322735539908,74.98922921795747,71
2024-02-05,3.1457322735539908,74.14623438514946,82
2024-02-06,3.1457322735539908,70.41649181683748,83
2024-02-07,3.1457322735539908,66.14551944489378,68
2024-02-08,3.1457322735539908,66.29170673948678,88
2024-02-09,3.1457322735539908,71.15881670557324,84
2024-02-10,3.1457322735539908,76.69341197631265,91
2024-02-11,3.1457322735539908,78.7483521820457,82
2024-02-12,3.1457322735539908,75.79095241165298,88
2024-02-13,3.1457322735539908,69.4012256219203,67
2024-02-14,3.1457322735539908,64.83231671981707,76
2024-02-15,3.1457322735539908,64.11127802711394,69
2024-02-16,3.1457322735539908,68.46366090549503,82
2024-02-17,3.1457322735539908,74.93635792682511,76
2024-02-18,3.1457322735539908,74.51121314018812,73
2024-02-19,3.1457322735539908,72.37259635381041,74
2024-02-20,3.1457322735539908,67.14092062493286,65
2024-02-21,3.1457322735539908,62.52551591728608,55
2024-02-22,3.1457322735539908,62.33498271155209,55
2024-02-23,3.1457322735539908,66.80545218943125,62
2024-02-24,3.1457322735539908,75.18188340845948,84
2024-02-25,3.1457322735539908,78.98776361286181,74
2024-02-26,3.245732273553991,73.01045023294827,81
2024-02-27,3.245732273553991,66.96478822878181,56
2024-02-28,3.245732273553991,63.00855273395823,62
2024-02-29,3.245732273553991,64.54056221939955,56
2024-03-01,3.245732273553991,68.52555602704956,66
2024-03-02,3.245732273553991,74.64381345024914,78
2024-03-03,3.245732273553991,77.62747915538122,74
2024-03-04,3.245732273553991,74.88597056216781,67
2024-03-05,3.245732273553991,68.56667728018206,63
2024-03-06,3.245732273553991,64.51477601747865,72
2024-03-07,3.245732273553991,65.34476086587946,73
2024-03-08,3.245732273553991,71.27634642534146,70
2024-03-09,3.245732273553991,78.25756382137081,62
2024-03-10,3.245732273553991,82.56086589354071,95
2024-03-11,3.245732273553991,79.34760288128092,88
2024-03-12,3.245732273553991,73.55247223284468,62
2024-03-13,3.245732273553991,69.47110492925222,64
2024-03-14,3.245732273553991,69.42146297222104,85
2024-03-15,3.245732273553991,76.00141631492608,69
2024-03-16,3.245732273553991,82.11859317469971,65
2024-03-17,3.245732273553991,87.04724300594127,80
2024-03-18,3.245732273553991,84.98558062037449,71
2024-03-19,3.245732273553991,78.69634691238767,75
2024-03-20,3.245732273553991,73.99271049594142,73
2024-03-21,3.245732273553991,78.04600187286036,88
2024-03-22,3.245732273553991,83.05671327575455,86
2024-03-23,3.245732273553991,91.7117322199211,86
2024-03-24,3.245732273553991,97.4877139862351,105
2024-03-25,3.245732273553991,94.62803126539382,100
2024-03-26,3.245732273553991,88.44843836240138,99
2024-03-27,3.245732273553991,83.18197726792279,85
2024-03-28,3.245732273553991,84.35182783051903,99
2024-03-29,3.245732273553991,92.30559186908063,105
2024-03-30,3.245732273553991,100.43715676589908,100
2024-03-31,3.245732273553991,106.03954237286563,126
2024-04-01,3.245732273553991,103.61790601299312,102
2024-04-02,3.245732273553991,94.92713495559728,109
2024-04-03,3.245732273553991,88.54110700273318,86
2024-04-04,3.245732273553991,90.58368415705574,98
2024-04-05,3.245732273553991,98.68417160156706,73
2024-04-06,3.245732273553991,111.1306748567716,111
2024-04-07,3.245732273553991,115.45439350668987,121
2024-04-08,3.245732273553991,112.20269385379366,110
2024-04-09,3.245732273553991,103.94112654761153,106
2024-04-10,3.245732273553991,96.4028100436713,91
2024-04-11,3.245732273553991,98.69700412394933,92
2024-04-12,3.245732273553991,108.13764217707163,105
2024-04-13,3.245732273553991,116.5469379441644,106
2024-04-14,3.245732273553991,121.97327809232318,118
2024-04-15,3.245732273553991,120.87107581891111,122
2024-04-16,3.245732273553991,108.15292847883812,100
2024-04-17,3.245732273553991,98.27670744551409,91
2024-04-18,3.245732273553991,98.00356695752666,90
2024-04-19,3.245732273553991,106.73086105539541,105
2024-04-20,3.245732273553991,121.01884759550819,126
2024-04-21,3.245732273553991,121.49468742254159,123
2024-04-22,3.245732273553991,115.98747744729774,90
2024-04-23,3.245732273553991,106.16889171811839,108
2024-04-24,3.245732273553991,99.50014983342729,100
2024-04-25,3.245732273553991,99.87289120280329,109
2024-04-26,3.245732273553991,110.30903943212518,111
2024-04-27,3.245732273553991,117.46344752589602,109
2024-04-28,3.245732273553991,120.39709304117147,121
2024-04-29,3.245732273553991,115.54056578413095,97
2024-04-30,3.245732273553991,106.08632443427369,97
2024-05-01,3.245732273553991,98.85362068692304,94
2024-05-02,3.245732273553991,100.12741708163225,104
2024-05-03,3.245732273553991,107.4882834335023,111
2024-05-04,3.245732273553991,120.66930344144994,119
2024-05-05,3.245732273553991,125.17843586589517,133
2024-05-06,3.245732273553991,122.02500672670675,132
2024-05-07,3.245732273553991,113.07392503967614,110
2024-05-08,3.245732273553991,102.173854547479,102
2024-05-09,3.245732273553991,100.79556906726464,85
2024-05-10,3.245732273553991,105.96722082717339,101
2024-05-11,3.245732273553991,114.5216348568011,118
2024-05-12,3.245732273553991,116.81780319521076,140
2024-05-13,3.245732273553991,113.24080593505838,99
2024-05-14,3.245732273553991,104.46411630995185,100
2024-05-15,3.245732273553991,100.13385060526483,100
2024-05-16,3.245732273553991,102.43185763630694,95
2024-05-17,3.245732273553991,110.95942326796249,104
2024-05-18,3.245732273553991,122.50432161367544,123
2024-05-19,3.245732273553991,127.48970677539468,117
2024-05-20,3.245732273553991,122.24658121781887,115
2024-05-21,3.245732273553991,117.96999946853269,115
2024-05-22,3.245732273553991,109.53947633389056,107
2024-05-23,3.245732273553991,112.00760543801017,111
2024-05-24,3.245732273553991,120.29327852495115,138
2024-05-25,3.245732273553991,129.04844546685206,125
2024-05-26,3.245732273553991,134.03472748266157,127
2024-05-27,3.245732273553991,129.5263829428098,149
2024-05-28,3.245732273553991,118.29087251810026,122
2024-05-29,3.245732273553991,111.7440242658267,123
2024-05-30,3.245732273553991,112.0878517431059,122
2024-05-31,3.245732273553991,120.91830890464107,127
2024-06-01,3.245732273553991,128.39779019814426,138
2024-06-02,3.245732273553991,133.67548773133657,140
2024-06-03,3.245732273553991,128.5541913650153,128
2024-06-04,3.245732273553991,119.30617947235463,121
2024-06-05,3.245732273553991,108.5194554352151,118
2024-06-06,3.245732273553991,108.03341058751333,101
2024-06-07,3.245732273553991,118.57937858691207,95
2024-06-08,3.245732273553991,130.39358325586392,128
2024-06-09,3.245732273553991,133.07476981591236,149
2024-06-10,3.245732273553991,129.1747086894071,141
2024-06-11,3.245732273553991,120.54370828339609,121
2024-06-12,3.245732273553991,113.28704319101533,114
2024-06-13,3.245732273553991,110.70822668729153,111
2024-06-14,3.245732273553991,117.56832932842865,118
2024-06-15,3.245732273553991,129.51807560812153,113
2024-06-16,3.245732273553991,133.37811456230534,118
2024-06-17,3.245732273553991,131.0852228668384,114
2024-06-18,3.245732273553991,118.02418069478313,121
2024-06-19,3.245732273553991,110.03448775723562,106
2024-06-20,3.245732273553991,112.58385159400376,113
2024-06-21,3.245732273553991,121.39785851815093,110
2024-06-22,3.245732273553991,134.60621232737066,155
2024-06-23,3.245732273553991,139.9647111733098,120
2024-06-24,3.245732273553991,137.35095529437478,148
2024-06-25,3.245732273553991,128.7919439629741,141
2024-06-26,3.245732273553991,121.8521812292927,124
2024-06-27,3.245732273553991,123.50798845355357,127
2024-06-28,3.245732273553991,134.92754178930852,141
2024-06-29,3.245732273553991,145.38716620327938,156
2024-06-30,3.245732273553991,153.1496320817678,169
2024-07-01,3.245732273553991,147.04506712410486,150
2024-07-02,3.245732273553991,141.75755844130737,136
2024-07-03,3.245732273553991,130.72635967027162,127
2024-07-04,3.245732273553991,130.81803840860417,126
2024-07-05,3.245732273553991,139.34694193458571,138
2024-07-06,3.245732273553991,152.11808398067717,148
2024-07-07,3.245732273553991,157.28651071266023,174
2024-07-08,3.245732273553991,150.28404944217078,151
2024-07-09,3.245732273553991,139.95037614174043,148
2024-07-10,3.245732273553991,131.71685544783088,115
2024-07-11,3.245732273553991,133.5370623164391,129
2024-07-12,3.245732273553991,145.92709474955623,125
2024-07-13,3.245732273553991,158.01580551997657,161
2024-07-14,3.245732273553991,160.5645101871914,156
2024-07-15,3.245732273553991,157.24863887106446,167
2024-07-16,3.245732273553991,146.64531031668872,130
2024-07-17,3.245732273553991,136.01912528588923,94
2024-07-18,3.245732273553991,135.3089765154722,140
2024-07-19,3.245732273553991,143.14930793253302,151
2024-07-20,3.245732273553991,153.36727817578782,149
2024-07-21,3.245732273553991,155.2669586727197,178
2024-07-22,3.245732273553991,149.4993229883519,143
2024-07-23,3.245732273553991,138.62404151186945,117
2024-07-24,3.245732273553991,129.4853207841901,135
2024-07-25,3.245732273553991,130.6280719835301,129
2024-07-26,3.245732273553991,140.8579761640845,129
2024-07-27,3.245732273553991,151.3282837200803,149
2024-07-28,3.245732273553991,160.2943006895342,180
2024-07-29,3.245732273553991,155.5776819135592,134
2024-07-30,3.245732273553991,138.14780434046577,130
2024-07-31,3.245732273553991,128.12791701894804,110
2024-08-01,3.245732273553991,130.1223495574806,132
2024-08-02,3.245732273553991,140.83151977138607,132
2024-08-03,3.245732273553991,154.90737435510528,160
2024-08-04,3.245732273553991,162.44846191404358,156
2024-08-05,3.245732273553991,155.0846246073125,173
2024-08-06,3.245732273553991,144.34540240775297,160
2024-08-07,3.245732273553991,131.70607412742305,138
2024-08-08,3.245732273553991,129.25430841709095,157
2024-08-09,3.245732273553991,139.5752770438216,135
2024-08-10,3.245732273553991,155.35131666356062,160
2024-08-11,3.245732273553991,161.93854579668056,152
2024-08-12,3.245732273553991,154.62414016224074,154
2024-08-13,3.245732273553991,138.81369003614034,161
2024-08-14,3.245732273553991,127.73205720667485,117
2024-08-15,3.245732273553991,128.03261927558427,127
2024-08-16,3.245732273553991,137.68555515903867,133
2024-08-17,3.245732273553991,147.14309382799146,137
2024-08-18,3.245732273553991,155.2404844709701,142
2024-08-19,3.245732273553991,148.04494866292004,142
2024-08-20,3.245732273553991,138.4140719305074,138
2024-08-21,3.245732273553991,125.90275979717812,123
2024-08-22,3.245732273553991,125.16596722588893,129
2024-08-23,3.245732273553991,132.60452101936662,121
2024-08-24,3.245732273553991,145.25662108685674,141
2024-08-25,3.245732273553991,154.04678506582906,176
2024-08-26,3.245732273553991,149.06469445086947,165
2024-08-27,3.245732273553991,137.53756901749858,148
2024-08-28,3.245732273553991,129.41715593980578,134
2024-08-29,3.245732273553991,127.96627082966876,122
2024-08-30,3.245732273553991,137.58309057594496,153
2024-08-31,3.245732273553991,145.76494684124927,151
2024-09-01,3.245732273553991,150.1163459018071,168
2024-09-02,3.245732273553991,142.54136655198866,154
2024-09-03,3.245732273553991,133.2356085971755,129
2024-09-04,3.245732273553991,124.4360781980654,123
2024-09-05,3.245732273553991,123.95565365415264,125
2024-09-06,3.245732273553991,134.14137487399188,122
2024-09-07,3.245732273553991,146.37613802658373,134
2024-09-08,3.245732273553991,149.09941254550606,124
2024-09-09,3.245732273553991,143.79427804567683,126
2024-09-10,3.245732273553991,135.3950599922229,147
2024-09-11,3.245732273553991,122.50413399786119,117
2024-09-12,3.245732273553991,121.65567386485579,129
2024-09-13,3.2957322735539907,125.2456300979132,141
2024-09-14,3.2957322735539907,136.8668950707845,113
2024-09-15,3.2957322735539907,141.94540749653723,146
2024-09-16,3.2957322735539907,140.12498460978426,142
2024-09-17,3.2957322735539907,126.77265763203269,135
2024-09-18,3.2957322735539907,119.03365159827047,110
2024-09-19,3.2957322735539907,120.49862764588049,98
2024-09-20,3.2957322735539907,127.0431351068666,109
2024-09-21,3.2957322735539907,135.53082426125758,140
2024-09-22,3.2957322735539907,139.2533478229948,143
2024-09-23,3.2957322735539907,135.53885898240696,130
2024-09-24,3.2957322735539907,127.183105427009,121
2024-09-25,3.2957322735539907,118.18991092389041,105
2024-09-26,3.2957322735539907,120.78753328380074,122
2024-09-27,3.2957322735539907,128.72680655763588,138
2024-09-28,3.2957322735539907,138.32090414601677,146
2024-09-29,3.2957322735539907,140.9601767453314,142
2024-09-30,3.2957322735539907,133.0036978865844,137
2024-10-01,3.2957322735539907,123.67813316877827,142
2024-10-02,3.2957322735539907,113.83538648752021,135
2024-10-03,3.2957322735539907,115.47621211120357,133
2024-10-04,3.2957322735539907,124.33746961867469,110
2024-10-05,3.2957322735539907,138.4907543819334,138
2024-10-06,3.2957322735539907,143.23596841239424,159
2024-10-07,3.2957322735539907,139.2254348280399,158
2024-10-08,3.2957322735539907,130.08020685195567,128
2024-10-09,3.2957322735539907,120.79796839660312,124
2024-10-10,3.2957322735539907,121.54447229939137,115
2024-10-11,3.2957322735539907,131.48696805129296,131
2024-10-12,3.2957322735539907,139.88084307032602,156
2024-10-13,3.2957322735539907,146.4096851022459,137
2024-10-14,3.2957322735539907,140.1274152434741,149
2024-10-15,3.2957322735539907,131.59892901939426,108
2024-10-16,3.2957322735539907,124.55478595844029,121
2024-10-17,3.2957322735539907,125.00756759292607,112
2024-10-18,3.2957322735539907,135.49523041403305,147
2024-10-19,3.2957322735539907,146.09358451582003,116
2024-10-20,3.2957322735539907,148.9077255177409,149
2024-10-21,3.2957322735539907,146.14919646026178,135
2024-10-22,3.2957322735539907,133.60945530128015,140
2024-10-23,3.2957322735539907,123.48978741399073,119
2024-10-24,3.2957322735539907,124.03178986188834,132
2024-10-25,3.2957322735539907,132.66639243407843,123
2024-10-26,3.2957322735539907,149.61451805832183,160
2024-10-27,3.2957322735539907,156.02243296215383,144
2024-10-28,3.2957322735539907,149.38702331067043,138
2024-10-29,3.2957322735539907,139.6012638058393,126
2024-10-30,3.2957322735539907,128.1008201916363,125
2024-10-31,3.2957322735539907,125.43010292937616,143
2024-11-01,3.2957322735539907,134.5750501620329,134
2024-11-02,3.2957322735539907,146.00165424432325,152
2024-11-03,3.2957322735539907,151.42901072830415,135
2024-11-04,3.2957322735539907,146.1552375018628,136
2024-11-05,3.2957322735539907,131.83455448247378,126
2024-11-06,3.2957322735539907,124.08389775732576,122
2024-11-07,3.2957322735539907,120.65507790175913,107
2024-11-08,3.2957322735539907,130.34251044767694,153
2024-11-09,3.2957322735539907,144.1626656727368,146
2024-11-10,3.2957322735539907,152.9794986719855,129
2024-11-11,3.2957322735539907,145.7227922695061,149
2024-11-12,3.2957322735539907,135.8358160369979,126
2024-11-13,3.2957322735539907,124.61622109996517,100
2024-11-14,3.2957322735539907,122.54733050277517,135
2024-11-15,3.2957322735539907,133.91552245542974,134
2024-11-16,3.2957322735539907,146.2204518009298,146
2024-11-17,3.2957322735539907,151.22978269593656,111
2024-11-18,3.2957322735539907,146.04192798489515,149
2024-11-19,3.2957322735539907,135.07907887307775,138
2024-11-20,3.2957322735539907,125.13979490087539,122
2024-11-21,3.2957322735539907,123.67852991135469,118
2024-11-22,3.2957322735539907,138.71935317261037,154
2024-11-23,3.2957322735539907,150.97298135593866,157
2024-11-24,3.2957322735539907,159.21472246171538,167
2024-11-25,3.2957322735539907,153.81780336889088,152
2024-11-26,3.2957322735539907,141.23469817315845,136
2024-11-27,3.2957322735539907,130.02729024475923,129
2024-11-28,3.2957322735539907,130.47948396388344,124
2024-11-29,3.2957322735539907,137.82252837350606,142
2024-11-30,3.2957322735539907,149.26089896104432,161
2024-12-01,3.2957322735539907,153.5034648938769,148
2024-12-02,3.2957322735539907,151.30612528851495,131
2024-12-03,3.2957322735539907,143.18597575924227,157
2024-12-04,3.2957322735539907,133.5957087214373,135
2024-12-05,3.2957322735539907,129.5451878026576,126
2024-12-06,3.2957322735539907,139.5166375529144,151
2024-12-07,3.2957322735539907,152.82009425528346,159
2024-12-08,3.2957322735539907,156.23912064430846,160
2024-12-09,3.2957322735539907,151.14316363528707,157
2024-12-10,3.2957322735539907,139.82019171502972,142
2024-12-11,3.2957322735539907,131.06977029586727,135
2024-12-12,3.2957322735539907,127.84234803598312,115
2024-12-13,3.2957322735539907,137.4825532855783,132
2024-12-14,3.2957322735539907,149.98456800914934,153
2024-12-15,3.2957322735539907,154.22812953772635,121
2024-12-16,3.2957322735539907,147.33777934734783,146
2024-12-17,3.2957322735539907,135.38678587748754,130
2024-12-18,3.2957322735539907,122.96782442760465,126
2024-12-19,3.2957322735539907,123.14668095933793,125
2024-12-20,3.2957322735539907,134.18271896542805,137
2024-12-21,3.2957322735539907,145.37847102175374,157
2024-12-22,3.2957322735539907,152.19926459951384,132
2024-12-23,3.2957322735539907,148.35459940815025,143
2024-12-24,3.2957322735539907,135.13079509916193,120
2024-12-25,3.2957322735539907,130.5522484306647,112
2024-12-26,3.2957322735539907,130.6297580433752,152
2024-12-27,3.2957322735539907,144.33693625082063,149
2024-12-28,3.2957322735539907,153.7519480717122,168
2024-12-29,3.2957322735539907,160.3267816478843,155
2024-12-30,3.2957322735539907,150.76273753842568,162
2024-12-31,3.2957322735539907,137.7604289213204,122
2025-01-01,3.2957322735539907,149.22024183462182,150
2025-01-02,3.2957322735539907,138.24844332251524,148
2025-01-03,3.2957322735539907,130.3432998839688,123
2025-01-04,3.2957322735539907,130.30155628153565,123
2025-01-05,3.2957322735539907,142.31438970113044,143
2025-01-06,3.2957322735539907,153.32684488619762,157
2025-01-07,3.2957322735539907,160.81942530365905,174
2025-01-08,3.2957322735539907,157.41998163991002,169
2025-01-09,3.2957322735539907,140.43016407018376,146
2025-01-10,3.2957322735539907,132.9198670758469,134
2025-01-11,3.2957322735539907,132.9012067242115,150
2025-01-12,3.2957322735539907,144.3616441534859,141
2025-01-13,3.2957322735539907,158.6671118220812,146
2025-01-14,3.2957322735539907,164.29281769005382,163
2025-01-15,3.2957322735539907,154.88043692915195,167
2025-01-16,3.2957322735539907,142.72217719696278,155
2025-01-17,3.2957322735539907,132.93282108355842,113
2025-01-18,3.2957322735539907,137.82695633443424,143
2025-01-19,3.2957322735539907,147.28367302769854,128
2025-01-20,3.2957322735539907,158.85885601440918,143
2025-01-21,3.2957322735539907,170.7621850493626,188
2025-01-22,3.2957322735539907,165.0604739387308,158
2025-01-23,3.2957322735539907,150.91304757882855,154
2025-01-24,3.2957322735539907,141.89925746573496,142
2025-01-25,3.2957322735539907,144.2127017844736,169
2025-01-26,3.2957322735539907,153.79006337016762,167
2025-01-27,3.2957322735539907,167.24702709053759,176
2025-01-28,3.2957322735539907,173.57217762114846,174
2025-01-29,3.2957322735539907,170.24630495440232,179
2025-01-30,3.2957322735539907,159.89128319574894,163
2025-01-31,3.2957322735539907,146.48411526017478,154
2025-02-01,3.2957322735539907,146.02966958390599,150
2025-02-02,3.2957322735539907,156.7578322256802,151
2025-02-03,3.2957322735539907,171.9548508573195,184
2025-02-04,3.2957322735539907,176.9061318705644,181
2025-02-05,3.2957322735539907,174.45354212876484,175
2025-02-06,3.2957322735539907,162.4042475865339,156
2025-02-07,3.2957322735539907,149.794513777667,148
2025-02-08,3.2957322735539907,151.01147873899794,149
2025-02-09,3.2957322735539907,163.5817830903975,147
2025-02-10,3.2957322735539907,178.25726124222044,179
2025-02-11,3.2957322735539907,186.30253798716546,188
2025-02-12,3.2957322735539907,179.92952659109534,206
2025-02-13,3.2957322735539907,165.5867821285439,159
2025-02-14,3.2957322735539907,156.5008556093409,143
2025-02-15,3.2957322735539907,154.89745213776345,172
2025-02-16,3.2957322735539907,169.92002770402132,177
2025-02-17,3.2957322735539907,184.48945956541817,177
2025-02-18,3.2957322735539907,195.28582435646877,208
2025-02-19,3.2957322735539907,187.38808199973835,180
2025-02-20,3.2957322735539907,172.47183869575906,170
2025-02-21,3.2957322735539907,163.10786556038568,159
2025-02-22,3.2957322735539907,163.25251830241123,176
2025-02-23,3.2957322735539907,177.8778103431637,190
2025-02-24,3.2957322735539907,188.72324911829193,203
2025-02-25,3.2957322735539907,200.0,221
2025-02-26,3.2957322735539907,191.79958431152752,218
2025-02-27,3.2957322735539907,177.08188848413516,161
2025-02-28,3.2957322735539907,167.64498156919726,175
2025-03-01,3.2957322735539907,165.130750562593,145
2025-03-02,3.2957322735539907,175.05007589798745,168
2025-03-03,3.2957322735539907,189.61634529037843,191
2025-03-04,3.2957322735539907,197.08430220144896,207
2025-03-05,3.2957322735539907,190.02237637229916,207
2025-03-06,3.2957322735539907,173.15562474573156,178
2025-03-07,3.2957322735539907,159.7295111921918,176
2025-03-08,3.2957322735539907,159.43752613806768,156
2025-03-09,3.2957322735539907,170.5240452218527,160
2025-03-10,3.2957322735539907,184.92204469320075,212
2025-03-11,3.2957322735539907,186.34904259169696,180
2025-03-12,3.2957322735539907,177.96729609877602,167
2025-03-13,3.2957322735539907,164.47531428212815,171
